mean,categ_0,categ_1,categ_2,categ_3,categ_4
300.54,0.0,34.837292872828904,23.93691355559992,41.22579357157117,0.0
308.37,10.312287187469598,23.640431948633136,29.41920420274345,22.08386029769433,14.54421636345948
370.80000000000007,10.679611650485436,44.66019417475728,7.766990291262135,36.89320388349514,0.0
298.93,35.96159636035192,9.935436389790253,3.3720268959288124,29.10380356605225,21.62713678787676
222.6,100.0,0.0,0.0,0.0,0.0
127.05,0.0,0.0,15.466351829988191,0.0,84.5336481700118
299.40000000000003,0.0,11.02204408817635,4.408817635270541,84.5691382765531,0.0
741.01,48.049284085235016,12.712379050215244,5.959433745833389,17.165760246150523,16.113142872565824
530.695,41.17242483912605,9.937911606478297,6.39350285945788,16.00731116743139,26.48884952750638
107.16,0.0,14.557670772676373,12.467338559163869,39.5203434117208,33.454647256438975
262.84666666666664,11.908083293174728,21.8986988611865,0.8826438734877115,28.91419585563193,36.39637811651914
118.25,0.0,26.342494714587737,0.0,33.40380549682875,40.25369978858351
95.5,24.921465968586386,0.0,0.0,39.58115183246073,35.49738219895288
144.19,13.2984256883279,50.11789999306471,6.744573132672168,3.953117414522504,25.885983771412725
338.63,61.970292059179634,18.15550896258453,2.510114284026814,17.364084694209016,0.0
126.28,9.42350332594235,68.12638580931264,0.0,1.6629711751662972,20.787139689578712
414.88,18.764462013112222,20.89760894716545,19.097088314693405,24.452853837254143,16.78798688777478
321.39,9.287781200410716,39.35405582003174,5.301969569681695,29.68356202744329,16.372631382432562
385.8,0.0,16.951788491446347,0.0,83.04821150855365,0.0
293.485,14.10634274324071,11.772322265192429,56.22433855222583,17.896996439341024,0.0
101.4,0.0,44.0828402366864,0.0,55.917159763313606,0.0
791.885,14.68331891625678,34.30043503791586,8.213313801877797,23.308308655928577,19.494623588020985
489.6,39.21568627450981,15.890522875816991,6.3725490196078445,35.294117647058826,3.2271241830065365
764.1700000000001,24.72290197207428,20.65770705471296,14.376382218616271,24.26161717942343,15.981391575173062
82.5,0.0,96.66666666666669,3.333333333333333,0.0,0.0
157.09,31.383283468075625,25.552231205041696,12.986186262651984,22.534852632249034,7.543446431981668
460.435,9.26026474963893,25.79082823851358,12.18901690792403,25.899421199517853,26.86046890440562
80.965,18.87852775890817,18.433891187550174,8.219601062187365,26.32310257518681,28.144877416167475
214.77,0.0,43.82362527354844,33.291428039297855,14.643572193509335,8.241374493644365
870.78,0.0,52.09122855371047,26.789774684765383,4.065320746916559,17.053676014607593
230.66,45.3481314488858,19.07569582935923,2.9740743952137345,13.504725570103185,19.097372756438048
354.23,33.029387685966746,23.608954633994863,4.897947661124129,24.08039974028174,14.383310278632528
301.6,48.905835543766585,5.470822281167109,21.734084880636605,11.5053050397878,12.383952254641912
650.1,62.71342870327642,18.458698661744343,0.0,18.827872634979236,0.0
290.51,10.292244673160992,32.239854049774536,5.782933461842966,8.12364462496988,43.56132319025163
361.675,51.35826363447846,0.9124213727794288,5.896177507430704,31.858712932881726,9.974424552429667
236.02,47.686636725701206,23.8411998983137,4.681806626557071,17.265485975764765,6.524870773663249
367.95,18.902024731621143,18.83408071748879,24.32395705938307,23.386329664356573,14.553607827150428
185.32333333333332,25.936651258161408,13.612245265032286,11.203841933917296,13.193157904203463,36.05410363868554
137.35,19.621405169275576,27.084091736439756,53.29450309428467,0.0,0.0
226.61,13.106217730903314,8.15497992145095,31.349013724019244,9.37293146816116,38.01685715546534
721.32,28.62113902290245,31.94144069206455,6.05417845061831,18.25126157599956,15.131980258415128
193.9,0.0,20.268179473955644,4.383702939659618,50.43837029396596,24.90974729241877
201.75,23.643122676579928,7.434944237918216,3.866171003717472,41.63568773234201,23.42007434944238
384.7600000000001,20.81817236718993,30.798419794157397,16.571369165193886,26.00322278823162,5.808815885227155
353.2945454545454,39.1046358433859,27.73889414961505,3.4722508131252834,19.97689283214624,9.707326361727532
402.36,31.190973257779103,27.226861517049407,6.315240083507306,11.792921761606522,23.47400338005766
179.1,46.733668341708544,0.0,0.0,0.0,53.26633165829146
397.5,0.0,0.0,0.0,0.0,100.0
288.5,26.84575389948007,11.23050259965338,0.0,46.37781629116118,15.545927209705374
361.78,25.65094808999945,11.008071203493836,6.814915141798883,39.44386090994527,17.082204654762563
380.4166666666667,10.427163198247536,38.79956188389924,1.1566265060240963,22.317634173055858,27.29901423877328
112.27,24.806270597666337,29.34889106617975,15.070811436715063,20.308185623942283,10.46584127549657
291.34666666666664,0.0,18.93277195551691,44.59292480893323,36.474303235549854,0.0
232.01,32.0460324985992,28.93409766820396,11.283996379466403,17.068229817680276,10.66764363605017
193.6,10.278925619834707,10.227272727272728,9.297520661157026,38.42975206611571,31.766528925619838
101.76,0.0,100.0,0.0,0.0,0.0
187.44666666666663,33.49397161859374,27.815912081658784,10.388732795106163,14.86645090158979,13.43493260305154
279.85,6.378417009112024,5.3600142933714485,15.186707164552438,56.28015008040022,16.79471145256387
204.6625,17.29066145483418,8.794967324253342,1.2459537042692237,72.66841751664326,0.0
198.165,3.0025483813993388,30.479650796053797,22.640224055711148,41.63197335553705,2.245603411298665
218.19,16.22439158531555,19.24698657133691,3.354874192217792,41.236995279343695,19.93675237178606
499.89,31.366900718158,17.68189001580348,15.643441557142571,16.753685810878395,18.554081898017564
223.7,12.44970943227537,4.626732230666071,5.319624497094322,14.148413053196244,63.45552078676799
710.0,6.704225352112676,40.52112676056338,7.183098591549296,40.098591549295776,5.492957746478874
2171.555,9.631347122223476,21.21475164110511,13.159464070677464,17.54157734895041,38.45285981704355
459.0,0.0,29.030501089324616,14.422657952069716,55.46840958605664,1.0784313725490196
325.76,8.042730844793713,21.402259332023576,24.524189587426328,31.48023084479371,14.550589390962672
861.585,54.43165793276346,27.6885043263288,10.828879332857465,2.924842006302338,4.126116401747941
242.585,9.769771420326895,33.32852402250758,38.47517365047303,9.022610631325104,9.403920275367398
894.57,13.397498239377576,32.12716724236225,4.507193400181092,49.96814111807908,0.0
230.4,0.0,38.54166666666667,8.854166666666668,35.41666666666667,17.187500000000004
417.25,24.44577591372079,19.37687237866986,0.0,56.17735170760935,0.0
283.5,69.22398589065256,6.137566137566137,0.0,21.85185185185185,2.7865961199294533
185.0,0.0,0.0,0.0,100.0,0.0
399.8,12.418709354677338,38.08154077038519,14.25712856428214,30.990495247623816,4.252126063031516
407.014,13.181364768779453,26.658542457998983,3.994948576707436,21.679843936572208,34.48530025994192
681.0,67.6798825256975,6.1233480176211454,3.0837004405286343,18.311306901615275,4.801762114537445
297.095,45.7261145424864,8.54103906157963,1.7166226291253637,10.451202477322068,33.56502128948653
97.8,0.0,100.0,0.0,0.0,0.0
130.85,28.238440962934664,37.37103553687429,0.0,14.902560183416124,19.48796331677493
299.49,7.345821229423352,28.738856055294,28.68877091054793,29.34989482119603,12.521286186517075
97.5,0.0,55.99999999999999,10.461538461538462,0.0,33.53846153846154
223.4,7.11727842435094,53.26768128916741,0.0,39.61504028648165,0.0
320.08,0.0,37.64058985253686,14.2464383904024,0.0,48.112971757060734
396.43,30.383674293065603,11.729687460585728,9.852937466892012,12.082839341119492,35.950861438337164
300.7,13.169271699368142,36.015962753575,9.610907881609576,25.340871300299305,15.862986365147991
202.5,100.0,0.0,0.0,0.0,0.0
105.72,0.0,25.25539160045403,20.26106696935301,11.918274687854712,42.56526674233825
346.08,13.60957004160888,6.303937432578209,10.439782709200184,30.253120665742028,39.3935891508707
115.8,0.0,24.352331606217614,75.64766839378238,0.0,0.0
300.46,6.623177794049124,30.95253943952606,2.3164481128935632,50.82207282167344,9.28576183185782
453.76,42.25802186177715,19.67119181946403,0.3746473906911142,21.40999647390691,16.28614245416079
656.75,43.74571754853445,6.851922344880092,0.0,19.573658165207465,29.828701941378
527.85,100.0,0.0,0.0,0.0,0.0
397.96,11.986129259222034,18.469192883706903,22.50477434918082,35.732234395416626,11.307669112473617
316.58,40.24259270958368,30.9874281382273,28.769979152189023,0.0,0.0
606.5075,19.46492829849589,31.047431400271225,1.6487842277300775,41.13840307003623,6.70045300346657
371.8,3.200645508337816,19.298009682625068,14.927380311995698,28.725121032813345,33.84884346422808
767.37,11.71533940602317,39.25225119564226,24.370251638714045,15.474933865019484,9.18722389460104
204.0,0.0,0.0,0.0,100.0,0.0
47.15,44.32661717921527,0.0,0.0,0.0,55.67338282078473
320.22,39.08250577727813,19.58028855162076,12.216601086752858,19.79888826431829,9.321716320029982
161.26,7.565422299392285,26.94096490140146,18.56629046260697,31.90499813965026,15.022324196949029
300.865,7.611387167001811,21.78718029681086,2.5227261396307314,26.07481760922673,42.00388878732986
195.9,13.016845329249616,13.62940275650842,0.0,68.83614088820828,4.517611026033691
572.38,20.109018484223768,31.32184912121318,0.0,21.48922044795416,27.0799119466089
656.7,46.87071722247602,6.624029237094563,0.0,15.440840566468708,31.06441297396071
192.93,8.241331052713418,29.596226610687808,21.81101954076608,32.65433058622298,7.697092209609703
226.57,31.66791719998234,19.1331597298848,7.313413073222404,10.460343381736328,31.42516661517412
197.735,2.1366981060510275,44.06781803929501,16.782562520545174,0.8850228841631477,41.07138341719978
111.25,59.2808988764045,0.0,0.0,27.23595505617978,13.48314606741573
298.25,62.07879295892708,21.72673931265717,0.0,16.194467728415756,0.0
125.2,13.458466453674124,59.90415335463258,21.56549520766773,1.6773162939297124,3.3945686900958463
208.65,8.123652048885694,26.168224299065415,13.850946561226934,25.16175413371675,26.6954229571052
3481.36,11.149378403842178,34.097881287772594,28.419927844290736,12.348622377461682,13.984190086632813
60.0,0.0,0.0,0.0,0.0,100.0
312.95,26.28215369867391,55.88752196836556,6.518613196996325,11.311711135964217,0.0
166.18,54.94042604404863,29.96750511493561,6.065711878685763,0.0,9.026356962330004
76.44,31.33176347462061,12.068288854003145,5.939298796441653,38.85400313971743,11.806645735217163
609.3866666666668,37.1739891475582,7.59780325573254,1.3324873096446697,9.02546823035183,44.87025205671276
129.2,29.64396284829721,34.82972136222911,35.526315789473685,0.0,0.0
382.5,100.0,0.0,0.0,0.0,0.0
344.88,0.0,0.0,0.0,29.22755741127349,70.77244258872652
211.8,33.711048158640224,21.246458923512744,9.631728045325778,0.0,35.41076487252124
1167.41,14.78058265733547,35.40144422268097,4.152782655622275,32.173786416083466,13.491404048277811
347.56,0.0,43.11198066520889,7.515249165611692,31.936931752790887,17.43583841638854
413.05,24.06488318605496,21.769761530081094,16.530686357583825,12.85558649073962,24.77908243554049
91.15,35.820076796489296,0.0,0.0,64.1799232035107,0.0
92.82,0.0,32.32062055591467,16.289592760180998,19.06916612798966,32.32062055591467
207.74,4.091653027823241,15.206508135168962,12.250890536247232,56.17598921729085,12.27495908346972
196.45,18.070755917536268,38.02494273351999,10.8679053194197,20.09417154492237,12.94222448460168
101.925,69.31567328918324,17.071376011773364,0.0,0.0,13.612950699043411
471.3,0.0,67.6639083386378,26.98917886696372,5.346912794398473,0.0
169.97500000000002,17.723194587439327,13.94322694513899,3.000441241359023,35.181644359464634,30.151492866598023
476.48,13.26393552719946,18.938885157824043,18.435191403626597,14.858965748824712,34.503022162525184
177.26,9.59043213358908,31.34378878483584,0.0,25.21719508067246,33.84858400090263
354.54,7.192418344897614,31.037400575393463,34.86207480115078,9.9847689964461,16.92333728211203
61.2,0.0,0.0,0.0,100.0,0.0
365.73,0.0,33.54933967681076,34.118065239384244,13.124436059388076,19.20815902441692
278.125,16.808988764044944,19.00224719101124,1.510112359550562,45.57303370786517,17.10561797752809
225.0,0.0,100.0,0.0,0.0,0.0
228.625,14.499726626571896,33.95954073264079,5.34609075997813,25.47840349917988,20.716238381629303
390.79,14.57304434606822,19.08953657974871,17.0526369661455,34.903656695411854,14.381125412625709
145.60000000000002,13.135302197802195,27.16346153846153,0.0,27.180631868131865,32.520604395604394
230.74,0.0,81.0826037964809,9.209499869983532,9.70789633353558,0.0
195.45,10.437452033768228,19.125095932463545,27.203888462522382,14.991046303402406,28.242517267843443
123.24,25.8033106134372,7.099967543005518,4.779292437520286,2.0691333982473226,60.24829600778968
330.0,0.0,0.0,0.0,100.0,0.0
110.1,5.404178019981836,16.575840145322434,4.268846503178929,39.23705722070845,34.51407811080836
256.6,39.198493115094834,14.263445050662511,4.117952714990907,16.465315666406863,25.9547934528449
308.8,19.04145077720207,20.3529792746114,0.0,29.436528497409327,31.1690414507772
723.12,0.0,26.42714902090939,8.46332558911384,35.09790906073681,30.01161632923996
185.97,14.948647631338387,11.42657417863096,10.17368392751519,31.72554713125773,31.72554713125773
169.46,0.0,26.0858019591644,7.969432314410479,49.2889177386994,16.655847987725718
195.03,40.71168538173615,27.011229041685898,2.614982310413782,14.895144336768704,14.766958929395477
150.79000000000002,24.968499237349956,12.136083294648182,19.25857152331056,11.903972411963656,31.732873532727638
248.1,43.712212817412336,31.80169286577993,0.0,18.5006045949214,5.985489721886337
214.2,100.0,0.0,0.0,0.0,0.0
329.36,10.323050765120232,20.40320621811999,14.774107359727957,18.490405635171243,36.009230021860574
361.7,17.25186618744816,15.205971799834115,9.952999723527784,38.73375725739564,18.855405031794305
416.165,54.32941261278579,0.0,3.676426417406557,3.676426417406557,38.31773455240109
1001.52,0.0,32.71028037383177,9.837047687514977,21.926671459381737,35.52600047927151
225.7,35.26805494018609,56.88967656180771,0.0,7.842268498006205,0.0
4278.34,6.310858884520632,49.77631511287088,8.307895118200049,22.127741133243266,13.477189751165172
379.75,40.82949308755761,39.69716919025675,0.0,19.47333772218565,0.0
476.76,14.158066951925496,12.584948401711554,27.81273596778253,4.908129876667505,40.53611880191291
214.74,30.87454596255937,17.462978485610506,16.689950637980814,17.62596628480954,17.34655862903977
174.4,9.11697247706422,25.80275229357798,11.811926605504588,20.29816513761468,32.97018348623853
190.34,36.77629505096144,20.636755280025216,14.610696648103394,14.421561416412738,13.554691604497217
360.3966666666667,11.394851968664156,7.436250797732129,2.358512379877727,24.750506386481565,54.05987846724442
884.5475,38.649705075193815,28.09063391168931,0.4098140574700624,1.667519268326461,31.18232768732035
312.98,11.406479647261806,9.58527701450572,0.0,50.18851044795194,28.81973289028053
1314.0,100.0,0.0,0.0,0.0,0.0
331.6,0.0,18.848009650180938,0.0,24.60796139927623,56.54402895054282
87.5,0.0,14.914285714285713,11.657142857142857,0.0,73.42857142857143
744.25,6.933154182062479,24.669129996640912,10.1981860933826,32.56970104131676,25.62982868659725
112.08,27.9710920770878,25.339043540328337,29.826909350463957,9.814418272662383,7.048536759457531
372.82,24.240920551472563,16.018453945603778,4.861595407971675,12.566385923501958,42.31264417145003
416.61,12.649720361969226,29.269580662970164,10.974292503780514,35.512829744845305,11.593576726434796
432.9616666666666,16.106121789072937,26.23865854174927,7.346685811291992,22.96200202481359,27.346531833072213
127.55,39.082712661701294,29.16503332026656,7.996863974911799,23.75539004312035,0.0
320.6,0.0,6.175920149719275,2.6512788521522146,36.05739238927012,55.11540860885839
301.12,8.5846174282678,53.79914984059511,16.54489904357067,0.0,21.07133368756642
270.005,42.83254013814559,20.307031351271277,2.870317216347845,27.545786189144643,6.444325105090647
191.635,33.383776450022175,7.010723510840922,1.3045633626425237,51.80421113053462,6.496725545959767
186.92,0.0,17.60111277551894,35.05242884656537,47.34645837791569,0.0
268.86,0.0,0.0,0.0,0.0,100.0
255.0,16.01960784313726,24.352941176470587,20.862745098039216,24.686274509803923,14.07843137254902
429.4,8.570097810898927,1.199347927340475,25.454122030740567,31.53237074988356,33.24406148113647
1080.22,14.705337801558944,16.521325902748206,2.048965334222041,22.79072781470441,43.9336431467664
783.1675,94.6907909227592,0.0,0.0,0.0,5.309209077240819
680.49,24.77626416258872,35.69633646343076,2.0103160957545296,15.547620097282842,21.969463180943144
393.5033333333333,19.52122387781552,23.903228265749547,2.175331001008039,40.05048665407324,14.349730201353651
35.400000000000006,0.0,28.813559322033893,0.0,71.1864406779661,0.0
162.0,19.62962962962963,36.66666666666666,0.0,43.70370370370371,0.0
389.8333333333333,4.078666096622489,24.540401881145787,14.057289439931594,31.39803334758444,25.92560923471569
1777.89,22.24828307713076,30.685812958057017,14.78606662954401,18.06635956105271,14.213477774215502
102.0,0.0,0.0,0.0,0.0,100.0
283.15,23.89193007239979,27.582553416916827,6.6749072929542645,38.40720466184002,3.4434045558891047
319.71500000000003,0.0,28.6630280093208,15.013371283799632,25.100480115102503,31.223120591777047
487.75,32.516658124038955,23.229113275243463,0.0,25.98667350076884,18.267555099948744
883.9,27.78594863672361,28.668401402873627,4.202964136214503,20.369951351962893,18.972734472225365
166.22,40.45842858861749,47.118276982312594,0.0,12.423294429069909,0.0
311.81,5.452038100125076,40.61126968346108,22.988358295115614,19.434912286328217,11.513421634970015
331.08500000000004,5.1346331002612615,17.759789782080126,11.616352296238125,34.74938459912107,30.739840222299406
215.58,0.0,53.15892012246034,39.74394656276093,7.097133314778736,0.0
587.0150000000001,31.004318458642448,20.44751837687282,7.403558682486816,27.02230777748439,14.122296704513513
248.185,38.38870197634829,18.9072667566533,19.67685395974777,11.291979773153091,11.735197534097548
177.60000000000002,0.0,0.0,0.0,100.0,0.0
477.59,14.23815406520237,35.60794824012228,4.958227768588119,20.195146464540716,25.000523461546518
231.51,22.029285991965796,40.81897110276015,20.62977841129973,16.52196449397434,0.0
642.95,40.85076600046659,14.270160976747803,0.0,32.31977603235088,12.559296990434715
102.0,0.0,0.0,0.0,0.0,100.0
101.2,0.0,47.826086956521735,14.82213438735178,15.118577075098813,22.233201581027668
320.15,20.630954240199905,55.28658441355615,19.303451507106047,4.779009839137904,0.0
92.14,54.30866073366617,45.69133926633384,0.0,0.0,0.0
145.20000000000002,10.950413223140496,8.953168044077135,0.0,65.73691460055096,14.359504132231404
353.225,44.29895958666572,12.86715266473211,7.219194564371151,2.7602802746124997,32.85441290961851
108.45,5.486399262332872,33.24112494236975,7.745504840940526,38.404794836330105,15.12217611802674
136.24,82.17116852613036,3.6699941280093946,3.0020551967116846,8.037287140340576,3.119495008807986
116.225,56.78640567864057,0.0,12.11013121101312,0.0,31.103463110346315
258.75,44.54106280193237,3.864734299516908,6.570048309178745,6.840579710144929,38.18357487922705
307.8,41.32553606237816,38.79142300194932,0.0,19.883040935672515,0.0
336.94,7.063572149344097,38.9149403454621,14.22211669733484,32.231257790704575,7.568113017154389
1034.763333333333,36.94725686066702,22.781376739930867,11.85424042212551,14.935782417235504,13.481343560041104
571.5,8.661417322834646,4.811898512685914,0.0,78.65266841644795,7.874015748031496
128.22000000000003,0.0,19.419747309312115,1.9653720168460451,78.61488067384182,0.0
787.4,0.0,13.33502667005334,0.0,86.66497332994666,0.0
1137.5,28.052747252747256,9.072527472527472,4.43076923076923,15.349450549450552,43.09450549450549
634.065,43.54443156458723,1.675695709430421,9.73717205649263,26.92153012703745,18.121170542452276
208.315,34.971077454816026,8.035907159830066,5.784509036795239,17.641552456616182,33.5669538919425
122.1,0.0,14.25061425061425,38.32923832923832,28.992628992628998,18.42751842751843
163.2,0.0,0.0,0.0,100.0,0.0
285.21500000000003,40.65354206475816,4.65438353522781,8.384902617323773,16.99595042336483,29.31122135932542
331.53,23.56498657738365,32.087593882906525,2.6845232708955447,22.16993937200254,19.49295689681175
171.05,56.67933352820812,9.646302250803858,0.0,28.705057000876938,4.969307220111078
110.35,22.111463525147258,23.017671046669687,1.5405527865881286,38.55913004077934,14.771182600815584
85.32499999999999,8.145326692059774,61.17784939935541,0.0,0.0,30.676823908584826
111.8,58.76565295169945,20.125223613595708,0.0,21.10912343470483,0.0
305.135,5.571304504563554,36.63952021236501,6.282465138381371,20.449964769692105,31.056745374997952
128.645,17.36367523028489,19.509114229080023,6.488786971899413,21.41552333942244,35.222900229313225
739.01,4.566920610005278,30.24316315070161,13.512672358966729,11.833398736147007,39.843845144179376
279.29,13.516416627877833,33.42045902108919,8.521608364066022,17.186437036771814,27.35507895019514
182.78,17.179122442280338,5.788379472589999,4.158004158004157,65.13294671189408,7.741547215231426
214.26,28.28339400728088,17.03537757864277,15.243162512834871,22.332679921590596,17.10538597965089
161.2,41.81141439205956,20.099255583126556,6.327543424317618,21.960297766749385,9.8014888337469
215.01,21.254825356960144,24.724431421794336,0.0,26.324357006650857,27.69638621459467
119.49,19.959829274416265,22.92242028621641,7.448322035316762,42.38848439199933,7.280944012051216
293.37,9.476088216245698,35.262637624842355,37.26352387769711,6.6468964106759385,11.35085387053891
213.75,9.309941520467836,44.44444444444444,10.24561403508772,36.0,0.0
559.85,36.28650531392337,12.48548718406716,4.804858444226132,23.93498258462088,22.48816647316245
302.2,7.213765718067505,10.999338186631372,10.225016545334215,17.339510258107214,54.22236929185971
157.92,32.61144883485309,28.166160081053697,6.325987841945289,20.738348530901725,12.158054711246203
83.7,0.0,17.921146953405017,60.93189964157706,21.146953405017925,0.0
70.92714285714285,19.54722149489416,15.045620254184373,27.480916030534356,25.66013414167456,12.266108078712564
210.25,21.569560047562423,13.79310344827586,31.533888228299645,33.10344827586207,0.0
402.0,52.28855721393034,14.440298507462687,6.26865671641791,12.28855721393035,14.713930348258708
332.18,30.3600457583238,23.445120115599973,15.443434282617858,0.0,30.75139984345837
341.9,37.203860778005264,35.71219654869845,2.98332845861363,10.3539046504826,13.74670956420006
248.16,13.700838168923276,45.1966473243069,8.220502901353964,32.882011605415855,0.0
413.79,23.792261775296648,63.30264143647744,4.350032625244689,8.555064162981223,0.0
872.135,7.157722141640916,35.95888251245507,9.958320672831611,32.999478291778225,13.925596381294175
201.2,16.351888667992046,32.206759443339955,0.0,51.441351888668,0.0
216.4,0.0,27.35674676524954,4.621072088724584,19.824399260628468,48.19778188539741
251.0,48.72509960159363,18.88446215139442,12.191235059760954,20.199203187251,0.0
185.25,0.0,34.97975708502024,0.0,32.712550607287454,32.30769230769231
365.27,51.49615353026529,27.39891039505024,4.172256139294221,3.723273195170696,13.209406740219563
2502.0950000000003,17.60374805912645,27.85076106222985,8.659143637631665,30.226869883038017,15.65947735797402
258.95,4.923730449893802,47.61536976250241,20.274184205445067,15.60146746476154,11.585248117397182
13.44,0.0,0.0,100.0,0.0,0.0
334.30500000000006,21.843825249398,24.01699047277187,2.763943105846457,34.77363485439942,16.60160631758424
285.28000000000003,26.868339876612453,34.61511497476163,9.87801458216489,22.18872686483455,6.449803701626471
235.21,6.759916670209599,17.059223672462906,19.1573487521789,43.87568555758684,13.147825347561753
819.3933333333333,12.017020722648464,27.679014555484137,17.524347281321955,27.776647763792724,15.00296967675272
842.13,12.794936648735945,24.35253464429482,9.7906498996592,24.764585040314444,28.2972937669956
117.18054054054056,22.20735847664034,29.531930400767585,16.316010406672078,21.43100966861023,10.513691047309765
284.6,51.475755446240335,9.381588193956429,0.0,33.169360505973295,5.973295853829937
399.035,0.0,23.04935657273172,23.78738707130954,16.940869848509532,36.22238650744922
106.4,0.0,28.195488721804512,7.330827067669173,22.18045112781955,42.29323308270676
313.53,55.21002774854081,16.036742895416708,0.0,14.544062769113005,14.209166586929484
434.0,19.5852534562212,9.56221198156682,0.0,63.36405529953917,7.48847926267281
192.55,41.49571539859777,30.849130096078937,0.0,27.65515450532329,0.0
244.08,0.0,0.0,0.0,0.0,100.0
119.77,8.307589546631043,31.719128329297824,22.90222927277281,24.88102195875428,12.190030892544044
636.3766666666667,19.68435884408081,13.52238977963784,3.3627882857636724,33.419410935871305,30.01105215464636
264.69,0.0,35.51701991008349,17.37126449809211,21.15682496505346,25.954890626770943
109.82,0.0,60.207612456747405,0.0,25.405208523037693,14.387179020214896
272.2,10.6539309331374,28.9860396767083,12.858192505510656,24.54077883908891,22.96105804555474
383.07,26.62698723470906,8.698149163338291,23.024512491189604,24.9562743101783,16.69407680058475
167.09,34.32282003710575,30.13346100903704,8.881441139505656,11.161649410497338,15.500628403854208
871.48,5.47344746867398,13.233809152246751,11.855693762335337,40.86152292651582,28.57552669022812
340.05,22.496691662990735,4.411116012351124,0.0,59.9911777679753,13.10101455668284
169.83700000000002,38.22783021367546,22.62698940749071,11.150691545422964,13.312764591932266,14.681724241478594
478.89,2.07772139739815,34.588318820605984,24.431497838752115,26.43613355885485,12.4663283843889
222.925,2.2316922731860487,46.89918133901536,23.079511046316025,10.833239878883033,16.956375462599528
406.56,0.0,38.78394332939787,36.42266824085007,24.79338842975207,0.0
296.87,62.70421396570889,31.569373799979797,0.0,0.0,5.726412234311315
216.34,10.908754737912544,16.108902653231024,8.93963206064528,17.172044004807248,46.87066654340391
351.1233333333334,63.69082088914626,14.216277281487036,2.356247092664496,13.357129973323714,6.379524763378488
327.40000000000003,0.0,79.65791081246182,9.529627367135005,10.812461820403175,0.0
348.49,19.36927888892077,24.62050560991707,32.95359981635054,5.079055353094781,17.977560331716834
471.72,3.3706436021368607,37.50953955736453,12.9483591961333,42.991605189519206,3.179852454846096
151.3166666666667,21.70943936556889,10.791937438043837,7.64621654367221,32.657781694019164,27.19462495869589
122.4,100.0,0.0,0.0,0.0,0.0
437.425,17.728753500600103,8.418586043321714,2.057495570669257,8.744356175344345,71.30936732011202
437.605,24.53696827047223,9.117811725185955,1.1517235863392783,5.758617931696394,59.43487848630616
364.92,0.0,20.552449852022363,3.978954291351529,40.85827030582046,34.61032555080566
420.405,25.71330026997776,24.785623386972087,6.60791379740964,14.628750847397152,28.26441169824336
275.45,16.282446905064436,27.48230168814667,9.039753131239788,22.07297150117989,25.122526774369213
224.34500000000003,34.53386525217856,26.46370545365397,5.059172257014865,11.778733646838573,22.164523390314024
673.37,19.64744494111707,25.31446307379301,21.79485275554301,10.76674042502636,22.47649880452055
198.07,16.05493007522593,28.185321687618853,12.921357769138856,37.31004190437724,5.528348563639118
252.2,23.67168913560666,7.930214115781127,0.0,21.05471847739889,47.343378271213325
194.186,19.61521427909324,39.52808132409133,20.22184915493393,15.912578661695488,4.892216740650715
54.39,18.29380400808972,10.78323221180364,22.79830851259423,33.41606913035485,14.708586137157564
431.39,15.426875912747166,31.368367370592736,6.379378288787409,30.99283710795336,15.83254131991933
734.6600000000001,24.99115236980372,8.167043258105789,0.0,30.22486592437318,36.61693844771731
230.718,64.5376606940074,4.046498322627624,0.3658145441621374,7.134250470271068,23.91577596893177
608.9,79.66825422893743,2.052882246674331,0.0,13.401215306290032,4.87764821809821
147.20000000000002,12.533967391304346,14.7758152173913,3.192934782608696,69.49728260869566,0.0
265.05,100.0,0.0,0.0,0.0,0.0
183.355,10.82599329170189,25.5242562242644,13.351149409615228,15.734504104060427,34.564096970358044
158.16,0.0,12.518968133535658,4.400606980273141,15.933232169954476,67.14719271623673
523.86,22.59191387011797,32.92100943000038,12.67514221356851,20.902531210628798,10.909403275684344
417.81,24.60448529235777,23.034393623896037,15.538163279959791,17.711399918623297,19.111557885163112
172.0,76.27906976744185,0.0,0.0,23.72093023255814,0.0
102.35,9.72154372252076,18.22178798241329,3.0776746458231554,68.9789936492428,0.0
174.63666666666668,13.408791586341165,25.58454696417323,9.413830619762935,27.58107308507186,24.011757744650797
468.16,55.541908749145584,4.998291182501709,1.7857142857142856,37.674085782638414,0.0
166.135,19.11096397508051,30.878502422728506,7.259156709904595,10.834562253588947,31.91681463869745
358.82,10.68781004403322,28.454378239785967,11.06961707820077,40.24301878379132,9.545175854188727
136.05,26.05659683939728,43.586916574788674,22.932745314222714,7.423741271591328,0.0
428.74,0.0,21.97135793254653,30.459019452348745,32.21066380556981,15.74380743574194
702.1,24.95371029767839,5.2983905426577405,3.674690215069079,50.33471015524853,15.738498789346249
1177.371666666667,53.39223100040626,21.25567825509645,7.049459035167314,15.543095284270189,2.759536425059773
113.378,18.20458995572333,33.170456349556346,8.837693379668014,5.397872603150523,34.38938771190178
291.85,27.12866198389584,18.75963679972588,3.349323282508138,27.63405859174233,23.128319342127803
143.46,47.67879548306148,10.874111250522793,4.8515265579255535,10.664993726474275,25.93057298201589
587.66,13.885580097335191,26.454072082496683,0.0,47.22118231630535,12.43916550386278
304.24,15.382592689981593,31.35682356034709,19.011306863002893,29.121745990007884,5.127530896660531
265.565,6.40144597367876,17.513603072694067,32.60218778830041,15.363470336829025,28.119292828497738
142.26,28.131590046393928,16.631519752565726,13.665120202446229,26.353156192886267,15.21861380570786
493.0,8.72210953346856,53.286004056795136,5.385395537525355,24.74645030425964,7.860040567951318
226.78,30.646441485139785,54.61239968251169,2.6148690360702003,5.203280712584885,6.923009083693447
115.295,3.6861962791101086,21.050349104471135,1.4744785116440435,67.28392384752158,6.505052257253133
625.04,0.0,40.73339306284398,0.0,59.26660693715603,0.0
547.4499999999999,6.301945383140013,25.478125856242578,9.611836697415288,47.27372362772856,11.33436843547356
274.93,31.789910158949542,19.00483759502419,6.267049794493143,30.57141817917288,12.366784272360237
322.01,5.543306108505948,32.96792025092388,0.0,18.81929132635633,42.669482314213845
98.2,37.44908350305499,15.580448065173115,0.0,6.415478615071284,40.55498981670061
783.11,13.1782252812504,29.078928886107956,21.10048396776953,21.938169605802507,14.704192259069607
244.19,33.805643146730006,25.758630574552605,14.79995085793849,14.722142593881816,10.913632826897087
777.29,27.76312573170889,20.119903768220357,7.68053107591761,18.603095369810497,25.83334405434265
75.78,0.0,63.18289786223277,0.0,36.817102137767215,0.0
505.0,3.1485148514851486,39.7069306930693,21.382178217821775,29.12871287128713,6.633663366336634
97.31,21.272222793135334,43.58236563559757,0.0,26.050765594491832,9.094645976775254
578.9133333333334,2.591061413913424,39.90695210566923,21.538054055299007,17.875444798876053,18.088487626242262
522.0166666666668,33.11196960505731,15.334120877366622,22.28281344784649,29.271096069729573,0.0
465.61,25.063894675801635,36.34372114000988,5.463800176113056,16.473013895749663,16.65557011232577
236.17,71.21988398187746,3.209552441038236,0.0,7.30406063428886,18.266502942795444
1893.56,6.883858974629797,42.200405585246834,25.165297112317543,22.022011449333533,3.728426878472296
149.41,18.03761461749548,48.22970350043504,9.102469714209224,14.055284117528949,10.574928050331303
422.7000000000001,30.092264017033354,0.0,0.0,0.0,69.90773598296663
145.2,20.798898071625345,25.792011019283752,8.677685950413224,34.50413223140497,10.22727272727273
156.65,23.172677944462176,18.19342483242898,14.842004468560486,6.447494414299395,37.344398340248965
261.76,50.33236552567237,11.26986552567237,22.868276283618584,5.50122249388753,10.028270171149146
357.01,26.721940561889024,39.21458782667152,11.361026301784264,4.9578443180863285,17.744600991568866
365.8,8.693275013668671,35.75724439584473,0.0,30.508474576271183,25.041006014215416
499.52,12.146660794362589,8.073750800768737,15.458840486867391,47.48058135810379,16.840166559897504
144.77,20.61891275816813,13.158803619534435,16.799060578849208,8.461697865579884,40.96152517786834
214.08,25.527840059790734,2.942825112107624,39.8822869955157,5.511958146487295,26.135089686098656
261.6933333333333,23.468945839914408,6.273246038620268,2.9525653436592454,7.687114688948898,59.61812808885719
1520.42,9.997237605398508,32.24109127741019,21.587456097657224,23.97363886294577,12.20057615658831
1016.95,6.26874477604602,42.52421456315453,8.697576085353262,10.713407738826884,31.7960568366193
496.7,94.10106704248037,4.52989732232736,1.369035635192269,0.0,0.0
295.81,29.81643622595585,21.47831378249552,10.885365606301344,14.096886514992732,23.72299787025456
970.94,24.052292966952987,9.66554747632878,2.7784071792970386,30.200973626931976,33.30277875048922
401.22,49.8105777378994,1.5577488659588254,7.656647225960819,28.301181396739945,12.673844773441004
209.08,0.0,15.496460684905298,22.23072508130859,46.63286780179835,15.639946431987756
372.5,10.107382550335572,14.093959731543624,1.3691275167785235,40.22818791946309,34.20134228187919
399.67,76.68826782095229,7.135887106863163,0.0,0.0,16.175845072184554
35.400000000000006,0.0,0.0,0.0,100.0,0.0
194.5,29.8586118251928,6.812339331619537,0.2442159383033419,12.5706940874036,50.51413881748073
190.7,34.81908757210279,13.109596224436288,9.517566858940745,14.55165180912428,28.002097535395915
301.24,39.503386004514674,8.976231576151905,0.0,25.892975700438186,25.627406718895237
391.5,0.0,59.08045977011495,2.6053639846743293,24.52107279693487,13.79310344827586
305.45,44.11523981011622,4.910787362907186,0.0,45.17924373874612,5.794729088230481
247.38,9.580402619451856,39.77686150861024,26.388552025224357,12.12709192335678,12.12709192335678
203.1,27.424913835548992,9.748892171344163,5.022156573116691,8.714918759231907,49.08911866075825
1381.92,43.023474586083125,25.95808729883061,1.910385550538381,14.89232372351511,14.215728841032766
33.0,0.0,100.0,0.0,0.0,0.0
326.4,0.0,0.0,0.0,100.0,0.0
377.52,8.264462809917356,40.24157660521297,30.83280356007629,8.105530832803561,12.55562619198983
346.63,11.68392810778063,22.574503072440358,23.66500302916655,22.87741972708652,19.199146063525948
50.55,35.311572700296736,0.0,0.0,35.01483679525223,29.673590504451035
193.3,8.432488360062079,49.06880496637351,17.899637868598035,5.4578375581996905,19.141231246766687
129.75,88.4393063583815,0.0,0.0,0.0,11.560693641618498
204.95,32.93486216150281,22.90802634788973,24.8841180775799,0.0,19.27299341302757
161.0,51.8944099378882,0.0,6.335403726708074,32.54658385093168,9.22360248447205
115.65,0.0,21.78988326848249,0.0,65.36964980544747,12.84046692607004
110.75,35.93679458239278,33.29571106094808,6.772009029345373,10.654627539503386,13.340857787810384
407.03,17.087192590226763,20.993538559811316,29.010146672235464,11.866447190624768,21.042674987101687
193.64,48.51786820904772,13.039661227019211,0.898574674653997,1.523445569097294,36.02045032018179
440.2,49.670604270786,18.809631985461152,7.598818718764198,23.920945024988644,0.0
337.98,13.846973193680098,30.463341026096213,6.426415764246404,28.0194094325108,21.243860583466475
275.17,49.42399244103646,6.721299560271832,1.6989497401606282,31.64407457208272,10.51168368644838
283.77,20.350988476583147,38.1647108573845,37.88984036367481,3.594460302357543,0.0
201.6,0.0,69.94047619047619,0.0,30.059523809523807,0.0
335.8,27.843954734961287,24.478856462179863,28.320428826682548,9.827278141751044,9.529481834425251
103.7,77.04918032786885,0.0,8.19672131147541,14.754098360655735,0.0
194.85,44.34180138568129,0.0,15.704387990762122,8.006158583525789,31.947652040030796
479.2585714285714,35.4483562407409,15.127086183718305,14.732577999946344,17.006924386179843,17.6850551894146
91.8,0.0,33.33333333333333,66.66666666666666,0.0,0.0
295.2,2.87940379403794,54.69173441734417,18.987127371273715,19.834010840108405,3.607723577235773
121.05,13.795952085914912,9.624122263527468,24.080958281701776,24.8244527054936,27.67451466336225
302.38,28.88749255903168,14.13949335273497,13.575633309081288,28.622924796613532,14.774455982538528
110.7,0.0,35.230352303523034,31.16531165311653,33.60433604336043,0.0
326.4,0.0,0.0,0.0,100.0,0.0
709.96,10.000563412023212,58.208913178207226,16.620654684770972,15.169868724998592,0.0
162.22,6.133645666378991,32.190851929478484,2.095919122179756,41.1786462828258,18.40093699913697
311.65,42.08246430290391,30.386651692603884,3.272902294240334,24.25798171025189,0.0
105.54,0.0,0.0,14.724275156338829,0.0,85.27572484366117
145.93,10.89563489344206,23.52497772904817,9.559377783868978,31.008017542657434,25.011992050983345
229.8,31.1792863359443,19.3864229765013,0.6309834638816361,0.9138381201044388,47.88946910356832
511.8666666666666,60.79708257358687,0.0,0.0,0.0,39.20291742641313
1040.105,9.530287807480974,30.3825094581797,12.342023161123157,35.34739281130271,12.397786761913462
338.02,9.437311401692208,50.92598071120052,22.7738003668422,16.862907520265075,0.0
188.4,36.38535031847133,5.971337579617835,20.063694267515924,37.57961783439491,0.0
103.68,0.0,0.0,100.0,0.0,0.0
438.1,27.98447842958228,16.023738872403555,20.26934489842501,21.75302442364757,13.969413375941569
278.7,44.34876210979548,22.8740581270183,12.701829924650166,6.350914962325083,13.724434876210982
419.3833333333334,72.3204705321305,0.0,0.0,26.66613678814132,1.0133926797281725
183.265,5.415654925926938,17.93850435162197,18.847024800152784,31.511745286879652,26.287070635418655
53.28,0.0,33.55855855855855,0.0,66.44144144144146,0.0
424.17,12.64823066223448,15.512648230662233,16.84937642926185,23.33969870570762,31.65004597213381
390.97,15.947515154615443,19.53091030002302,47.64048392459779,9.041614446121184,7.839476174642555
268.6,19.210722263588977,63.10498883097543,3.164556962025316,0.0,14.519731943410276
192.6575,22.44267677095364,15.944097686308606,5.717400049310305,13.729026900068774,42.16679859335868
30.0,0.0,50.0,0.0,0.0,50.0
75.275,33.87578877449352,22.417801394885416,2.82298239787446,19.29591497841249,21.587512454334107
294.65,44.45952825386051,6.719837094858307,26.522993381978612,17.206855591379604,5.09078567792296
408.0,100.0,0.0,0.0,0.0,0.0
243.48,0.0,54.46032528339083,8.329226219812716,22.301626416954164,14.90882207984229
137.1,0.0,21.88183807439825,0.0,78.11816192560175,0.0
402.895,56.51751697092296,8.861800220901229,6.007458518968963,8.187617121086138,20.425607168120727
39.6,100.0,0.0,0.0,0.0,0.0
417.62,23.4902542981658,3.2373928451702505,0.0,73.27235285666394,0.0
1141.24,25.945462829904315,39.749745890434966,13.353895762503942,13.2750341733553,7.675861343801479
344.68,26.096669374492283,14.619357084832307,10.963792503191367,26.74219565974237,21.577985377741676
257.22,27.38900552056605,15.636420185055592,29.566130160951708,20.177280149288546,7.231163984138092
219.25666666666663,25.76888578074403,22.27222281344543,6.243823828997979,30.398163491798048,15.31690408501452
119.3,87.42665549036045,0.0,0.0,0.0,12.573344509639565
311.64,0.0,23.87370042356565,8.3878834552689,44.79527660120652,22.94313951995893
201.95,31.740529834117357,21.787571180985392,4.283238425352811,26.12032681356772,16.06833374597673
33.15,38.46153846153847,0.0,61.53846153846154,0.0,0.0
16.21,0.0,42.81307834669956,57.18692165330042,0.0,0.0
103.5,14.782608695652174,55.65217391304348,0.0,29.565217391304344,0.0
173.7,20.552677029360968,0.0,0.0,0.0,79.44732297063904
134.55,0.0,0.0,0.0,0.0,100.0
287.91,26.796568372060715,29.46754194018964,10.183737973672327,11.201417109513388,22.35073460456392
210.9,0.0,0.0,0.0,100.0,0.0
169.8,0.0,45.58303886925796,9.89399293286219,44.522968197879855,0.0
324.45000000000005,49.32963476652797,0.0,0.0,25.150254276467862,25.52011095700416
1055.22,21.635298800250183,29.10104054130892,4.457838175925399,31.08356551240499,13.722256970110497
323.62,31.951053704962607,19.56615783944132,9.640936901303998,20.394289598912305,18.44756195537977
368.35,43.08402334735984,11.44292113479028,9.691869146192476,14.089860187321843,21.691326184335548
150.06,29.121684659469548,16.660002665600427,54.218312674930026,0.0,0.0
385.35,38.8997015700013,5.138186064616581,19.04761904761905,25.314649020371093,11.599844297391982
310.85,10.23001447643558,14.090397297732023,16.792665272639535,43.33279716905259,15.554125784140265
346.67,24.158421553638902,33.888135691002965,26.549744713993128,9.69221449793752,5.711483543427467
213.87,26.488053490438112,14.775330808435031,25.3050918782438,27.04914200215084,6.3823818207322205
450.92,44.71968420118869,9.580413377095716,13.59886454359975,23.01960436441054,9.081433513705312
258.2933333333333,39.2318810654553,17.761459838942802,0.1096944042948585,9.63374974189552,33.26321494941153
227.75,46.29527991218441,18.08452250274424,3.3589462129527985,19.68166849615807,12.579582875960485
224.07,3.793457401704824,22.158254117017005,8.488418797697147,31.12866514928371,34.43120453429732
379.7,22.583618646299712,31.048195944166444,2.754806426125889,26.8238082696866,16.78957071372136
162.70000000000002,0.0,19.606637984019663,22.372464658881373,53.1038721573448,4.917025199754148
125.44,0.0,100.0,0.0,0.0,0.0
142.25,0.0,13.181019332161686,23.51493848857645,63.30404217926186,0.0
158.26,20.093516997346143,43.06836850751928,4.8654113484140025,31.972703146720587,0.0
333.37,21.56762756096829,51.07538170801212,5.099439061703213,9.733929267780544,12.52362240153583
256.32,0.0,38.18274032459426,19.25327715355805,31.60112359550562,10.962858926342072
346.90000000000003,0.0,20.928221389449405,0.5477082732776015,21.173248774863072,57.35082156240991
287.35,10.022620497650948,0.0,0.0,36.47120236645207,53.50617713589698
163.58333333333334,35.06877228731533,11.248089658685686,11.125827814569536,18.2985226693836,24.258787570045847
308.28000000000003,16.81912547035163,14.159205916699102,18.45075905021409,45.05644219540678,5.514467367328402
239.4,0.0,0.0,0.0,100.0,0.0
303.57,0.0,45.854333432157325,19.70550449649175,6.720031623678229,27.720130447672695
179.1,19.76549413735344,37.68844221105528,4.327191513121162,14.684533780011169,23.53433835845896
138.67911764705883,26.57213329968251,12.20761427671582,0.0,21.47997175027412,39.74028067332755
290.95,16.789826430658188,7.630177006358481,8.59254167382712,20.622100017185087,46.365354871971135
430.6,46.21458430097538,4.598235020901067,2.368787738039944,36.367858801672085,10.450534138411518
35.400000000000006,0.0,0.0,0.0,100.0,0.0
200.95,24.483702413535703,43.44364269718836,27.66857427220701,4.404080617068924,0.0
223.88,26.107736287296767,30.88708236555297,6.244416651777738,7.906021082722889,28.854743612649635
404.81,20.758709847418128,29.699529820574256,14.253600454534224,16.921518737185345,18.36664114028804
1416.025,13.01707243869282,21.23956144842076,7.324729436274079,52.56068925336771,5.857947423244646
205.65,24.45903233649404,25.018234865061995,14.539265742766837,33.91684901531728,2.0666180403598347
1399.7,23.783667928841894,11.952323116858372,3.749613012312161,15.28660903526946,45.2277869067181
332.74,21.4882490833684,26.11047664843421,11.46841377652221,30.894993087696104,10.037867403979082
145.775,4.081632653061225,25.27868290173212,0.3258446235637112,52.58103241296519,17.732807408677758
304.34000000000003,9.824538345271732,4.928698166524281,0.0,11.631727672997307,73.61503581520668
51.6,80.23255813953489,0.0,19.76744186046512,0.0,0.0
395.16,27.10294564227148,36.16256706144346,6.3164287883389,26.470290515234336,3.947767992711813
362.79,4.3827007359629535,33.85429587364591,35.838915074836684,16.62118580997271,9.30290250558174
183.65,15.164715491423902,36.91805063980397,16.662129049823033,16.49877484345222,14.756329975496868
153.14,15.541334726394153,64.47694919681337,10.186757215619696,0.0,9.794958861172784
377.62,25.541549706053708,14.978020231979238,6.289391451723955,12.98924845082358,40.20179015941952
472.065,10.046285998750172,49.14365606431318,18.09072903095972,14.997934606463096,7.721394299513838
111.8,20.39355992844365,10.778175313059036,0.0,7.55813953488372,61.27012522361359
471.7733333333333,31.58296357007603,12.823955006641608,5.1762145663171575,11.58041997569454,38.83644688127068
567.095,76.627372838766,10.27164760754371,0.4443699909186291,6.11008737513115,6.546522187640519
80.485,11.08902279927937,82.450145989936,6.460831210784619,0.0,0.0
408.0,0.0,0.0,0.0,100.0,0.0
620.0,0.0,100.0,0.0,0.0,0.0
353.135,60.60713324932391,19.89607373950472,0.0,19.496793011171366,0.0
112.6,21.13676731793961,15.452930728241562,13.854351687388988,14.920071047957371,34.63587921847247
74.4,0.0,16.801075268817204,11.424731182795698,0.0,71.77419354838709
168.36,19.511760513186022,28.7776193870278,6.806842480399143,19.68995010691376,25.21382751247327
246.72,16.354571984435797,30.301556420233467,12.99448767833982,23.690823605706875,16.65856031128405
288.7,0.0,0.0,21.61413231728438,23.692414270869417,54.69345341184621
118.55,33.55827358357936,9.784900885702234,7.591733445803457,36.496555602418105,12.568536482496835
160.73000000000002,5.288371803645865,16.145088035836494,21.389908542275865,7.839233497169165,49.33739812107261
378.53,12.601379018836024,39.99154624468338,8.995324016590493,33.630095368927165,4.781655350962936
417.1666666666667,23.2281262485018,8.34198961246504,1.630043947263284,14.143028365960848,52.65681182580902
182.33,8.158284429331433,20.759063236987878,11.108978226292985,42.53277025174136,17.440903855646354
383.93,28.22129033938478,26.749667908212437,15.32310577449014,10.9134477639153,18.792488213997345
149.26,56.44512930456922,23.88449685113225,4.663004153825539,15.007369690473,0.0
185.45,80.91129684551093,0.0,0.0,9.544351577244544,9.544351577244544
1000.9933333333332,19.25087746172136,23.73175978527996,17.525924248579745,20.404398297690964,19.087040206727988
290.34,15.22353103258249,32.9785768409451,6.1445202176758285,23.954673830681276,21.698698078115317
369.2600000000001,24.133853292169924,17.544097203415838,7.670295546047047,20.99243532109264,29.659318637274545
102.0,31.176470588235293,0.0,0.0,0.0,68.8235294117647
97.8,0.0,30.67484662576687,10.429447852760736,12.883435582822086,46.01226993865031
927.9,38.08600064662141,44.17070805043647,3.8409311348205626,0.0,13.902360168121566
311.19,5.109418683119637,24.062469873710597,16.504386387737398,5.68784343969922,48.63588161573315
520.25,33.188370975492546,3.5127342623738587,2.984142239308025,26.028351753964447,34.28640076886113
97.3,52.41521068859198,0.0,0.0,44.96402877697842,2.620760534429599
217.2,29.2817679558011,56.62983425414365,0.0,14.088397790055248,0.0
863.39,24.32272785183984,20.719489454360136,13.140064165672522,19.064385735299226,22.753332792828274
139.79999999999998,49.117787315212205,8.32141154029566,6.819265617548879,14.17501192179304,21.566523605150216
265.1,2.998868351565447,36.45794039984911,12.844209732176534,21.953979630328178,25.74500188608072
147.06,21.89582483340133,35.502515979872165,3.875968992248061,22.813817489460085,15.91187270501836
289.74,0.0,17.187823565955682,16.960033133153864,40.89873679850901,24.953406502381444
201.8225,4.180653792317507,36.725340336186505,11.564617423726297,17.8374561805547,29.691932267215005
583.7066666666666,23.271392023390742,13.115034949061172,4.642742930238932,27.52809630407968,31.442733793229475
189.3,92.07606973058635,0.0,0.0,0.0,7.923930269413629
247.65,0.0,38.21926105390672,24.712295578437303,21.441550575408847,15.626892792247125
736.28,31.231325039387187,22.87173357961645,12.567229858206115,26.07703591025154,7.252675612538709
321.9,17.24137931034483,23.48555452003728,12.115563839701773,34.34296365330849,12.814538676607642
12.375,44.24242424242424,20.0,0.0,35.757575757575765,0.0
38.1,0.0,0.0,53.54330708661416,46.45669291338584,0.0
170.03666666666666,10.37031228558546,14.373370449510888,18.484248495422555,24.210464409637137,32.56160435984396
571.0,0.0,26.53239929947461,0.0,73.4676007005254,0.0
305.7,35.09977101733726,21.589793915603533,9.453712790317304,19.13640824337586,14.720314033366048
180.4,8.287139689578714,19.290465631929045,0.0,39.246119733924616,33.17627494456763
160.0,35.875,10.874999999999998,0.0,5.531250000000001,47.71875
243.36666666666667,26.74976030680729,10.361594302150392,26.59224763730996,29.26996301876456,7.026434734967813
135.9,10.927152317880797,21.854304635761583,24.724061810154527,31.567328918322296,10.927152317880797
424.85,7.484994704013181,23.20819112627986,9.20324820524891,47.42850417794515,12.675061786512886
100.2,0.0,35.029940119760475,10.479041916167663,54.491017964071865,0.0
269.83,14.953859837675576,15.676537078901532,4.124819330689693,19.586406255790685,45.65837749694252
231.9,20.56921086675291,6.468305304010349,0.0,16.6882276843467,56.27425614489003
155.55,0.0,9.643201542912246,20.25072324011572,45.51591128254581,24.59016393442623
330.35,24.443771757227186,14.575450280006052,25.609202361132127,0.0,35.371575601634625
195.89,6.891622849558426,47.37352595844607,17.606820154168158,13.349328704885394,14.77870233294196
739.247,16.555359710624458,33.25897839287816,7.0642153434508375,19.23714266003109,23.884303893015463
539.915,22.79062445014493,28.41558393450821,3.767259661242973,26.47638980209848,18.55014215200541
73.5,0.0,47.3469387755102,0.0,52.6530612244898,0.0
336.86,34.07943952977499,20.091432642640857,16.054147123434067,11.221278869560056,18.55370183459004
161.04000000000002,44.27471435668157,24.38214108296075,4.098360655737705,5.495529061102832,21.749254843517136
306.18,33.31373701744072,31.87667385198249,16.715657456398198,7.642563198118752,10.451368476059834
172.25,53.14949201741654,19.15820029027576,0.0,27.692307692307693,0.0
185.045,33.572914696425194,8.484422707989948,4.158447945094436,21.413710178605207,32.37050447188522
243.0,0.0,8.518518518518519,5.246913580246913,39.876543209876544,46.35802469135803
231.22,0.0,39.06236484733154,33.12862209151457,23.981489490528503,3.8275235706253783
129.57,7.640657559620283,20.60662190321834,1.1731110596588716,37.97175272053717,32.60785675696535
165.85,39.583961410913474,28.941814892975582,0.0,22.42990654205608,9.04431715405487
250.1,6.777289084366253,40.50379848060776,0.0,52.71891243502599,0.0
217.26,17.076314093712604,14.866979655712049,7.530148209518549,28.514222590444632,32.01233545061217
346.79999999999995,24.39446366782007,25.08650519031142,12.62975778546713,10.899653979238758,26.989619377162636
157.6,21.79568527918781,13.19796954314721,2.1573604060913705,37.62690355329949,25.222081218274116
778.35,18.192329928695315,13.443823472730774,0.0,66.9184814029678,1.4453651956060898
373.49,0.0,37.27007416530563,4.883664890626256,48.890197863396615,8.956063080671504
319.81333333333333,10.162177937129991,19.572875844242475,2.12624030684566,14.852413908113066,53.2862920036688
307.3,0.0,14.80637813211845,6.83371298405467,66.48226488773186,11.87764399609502
114.45000000000002,6.946264744429881,88.07339449541284,4.980340760157272,0.0,0.0
230.1,0.0,0.0,0.0,0.0,100.0
710.16,10.490593669032332,32.73487664751605,23.27503661146784,16.158330517066577,17.341162554917204
155.52,0.0,49.07407407407408,50.92592592592592,0.0,0.0
351.3,0.0,55.143751779106175,20.63193851409052,15.34301167093652,8.88129803586678
12.45,68.27309236947792,0.0,0.0,0.0,31.726907630522096
181.0,92.48618784530387,0.0,7.513812154696133,0.0,0.0
388.4966666666666,18.713159272065827,23.637268445031705,7.13004830586277,15.714420544148814,34.80510343289088
198.21500000000003,28.1890876068915,15.816159221047853,2.5426935398430994,33.82690512826981,19.625154503947734
346.14,18.41740336280118,42.08990581845496,15.181718379846307,2.9467845380481883,21.36418790084937
165.65,40.83911862360399,31.93480229399336,6.821611832176274,15.57500754603079,4.8294597041955925
275.8,8.629441624365482,0.0,0.0,91.37055837563452,0.0
65.25,31.18773946360153,0.0,35.24904214559387,25.90038314176245,7.662835249042145
229.15,28.583897010691683,26.663757364171943,15.906611389919265,11.717215797512546,17.12851843770456
165.94,31.065445341689767,22.86971194407617,18.313848378932143,3.796552970953357,23.95444136434856
350.06,29.137862080786157,28.45226532594412,42.409872593269725,0.0,0.0
172.54,4.926393879680075,17.38727251651791,40.18778254317839,28.804914802364674,8.693636258258955
255.6,51.40845070422535,27.230046948356808,14.436619718309862,6.924882629107983,0.0
247.56,30.901599612215215,7.222491517207949,13.52399418322831,48.351914687348525,0.0
467.745,0.0,51.77179873649103,13.684806892644492,31.76410223519225,2.7792921356722147
106.2,0.0,0.0,0.0,100.0,0.0
466.968,0.0,59.01046752668275,23.42087680526288,9.816518476640796,7.752137191413544
124.14,0.0,12.083131947800869,39.34267762203964,24.40792653455776,24.166263895601737
313.42,0.0,31.204135026482028,46.94020802756684,9.98659945121562,11.8690574947355
201.94,23.422798851143902,40.70515994849956,13.167277409131426,15.27681489551352,7.427948895711597
81.75,38.899082568807344,0.0,0.0,15.412844036697248,45.68807339449542
402.0866666666666,9.765722149453683,24.223633379205147,26.35501467345348,26.48682705221097,13.16880274567672
512.95,32.09864509211424,52.28579783604639,1.988497904279169,2.0469831367579685,11.58007603080222
722.36,13.829669416911235,22.079018771803533,17.75015227864223,32.289993908854306,14.051165623788693
1256.32,9.026362710137544,35.59204661232807,34.77776362710137,9.157698675496691,11.446128374936324
196.43,16.468971134755385,39.28625973629282,7.20867484600112,14.916255154507969,22.119839128442703
97.24,40.929658576717394,0.0,5.183052241875771,36.40477169888935,17.482517482517483
138.1,0.0,0.0,18.89934829833454,56.480811006517015,24.619840695148447
93.45,30.818619582664525,20.117710005350457,3.8523274478330656,26.591760299625467,18.619582664526483
250.04,30.255159174532075,21.50055991041433,15.569508878579429,24.536074228123503,8.138697808350665
127.08,24.07932011331445,17.980799496380236,31.381806735914385,20.656279508970727,5.901794145420207
184.23,71.03891874287575,27.617651848233187,0.0,0.0,1.34342940889106
226.45,14.042835062927796,19.55398542724663,4.513137557959814,24.133362773239124,37.75667917862663
990.17,15.891210600199964,24.112021168082247,19.17044547905915,14.648999666723896,26.177323085934734
529.4,4.873441632036268,18.339629769550434,50.294673214960326,12.514166981488478,13.97808840196449
174.02,0.0,11.653832892770946,0.4827031375703942,49.47707160096541,38.38639236869325
451.43,23.97381653855525,19.37841968854529,18.109119907848395,28.642314423055627,9.896329441995436
300.87,45.21886529065709,17.509223252567555,20.2213580616213,3.39016851131718,13.660384883836873
326.7,15.013774104683195,17.202326293235384,38.56749311294766,29.216406489133767,0.0
193.15,18.534817499352837,45.35335231685219,0.0,28.42350504789024,7.688325135904737
63.0,0.0,51.42857142857142,48.57142857142856,0.0,0.0
345.89,43.98797305501749,0.0,0.0,22.377056289571836,33.63497065541068
167.33499999999998,4.750948695730123,26.151133952849083,32.151074192488124,31.86721247796337,5.079630680969314
48.8,0.0,0.0,0.0,100.0,0.0
223.67666666666665,73.9311208142706,8.610643339343994,2.4067478354171943,11.556860349015691,3.4946276619525207
384.3,51.0408534998699,8.776997137652874,4.376788966952901,15.768930523028883,20.036429872495447
403.61,18.47080102078739,29.454176061049036,12.829216322687742,15.460469264884418,23.78533733059141
203.3,12.493851451057548,23.31529758976881,20.068863748155437,14.904082636497789,29.21790457452041
317.5,37.93700787401575,5.622047244094489,0.5984251968503937,21.60629921259843,34.23622047244095
1099.26,19.46764186816586,35.87595291377836,23.35116350999764,12.922329567163365,8.382912140894785
271.05,7.360265633646929,0.0,3.320420586607637,28.887659103486445,60.431654676258994
684.26,20.175079648086985,22.80858153333528,3.1479262268728263,21.43921901031772,32.4291935813872
394.18,6.0378507280937646,28.327160180628137,3.531381602313663,26.94200619006545,35.16160129889897
116.25,0.0,100.0,0.0,0.0,0.0
303.9,0.0,0.0,0.0,8.292201382033564,91.70779861796646
226.14,34.75723003449191,33.96126293446537,11.249668347041656,7.827009816927569,12.204828867073497
189.92,3.132898062342039,25.194818871103625,16.80707666385847,31.908171861836564,22.95703454085931
177.15,54.27603725656224,9.822184589331076,7.451312447078748,19.983065198983915,8.46740050804403
188.56,22.857445905812472,19.72846839202376,9.286168858718712,19.06554942723801,29.06236741620704
258.52,5.076976636237042,21.19758626025066,7.521661766981278,23.943988859662696,42.259786476868335
118.5,0.0,8.607594936708859,0.0,72.40506329113924,18.987341772151897
177.97500000000002,0.0,26.80151706700379,16.266329540665822,29.540665823851665,27.39148756847872
424.49,6.749275601309806,41.99156635020849,30.44594690098707,13.14518598789135,7.66802515960329
652.8,0.0,26.65441176470588,73.34558823529413,0.0,0.0
168.44,46.45571123248634,20.95108050344336,0.0,14.574922821182618,18.01828544288768
154.8,0.0,38.75968992248062,21.705426356589147,39.53488372093023,0.0
299.92,0.0,0.0,0.0,15.304081088290207,84.69591891170978
72.0,0.0,28.000000000000004,72.0,0.0,0.0
363.12,3.2840383344348973,35.50341484908571,5.82452081956378,29.026217228464414,26.3618087684512
152.635,22.39001539620664,29.072624234284405,5.837455367379698,17.345300881187146,25.35460412094212
120.65,32.98798176543721,0.0,12.929962702030668,29.34106920845421,24.740986324077912
229.985,32.04556818922973,1.9892601691414655,1.4066134747918342,3.1088984064178096,61.44965976041915
218.05,7.291905526255446,13.895895436826414,7.15432240311855,29.832607200183443,41.82526943361614
233.45,0.0,40.73677446990791,0.0,31.6127650460484,27.6504604840437
227.4,57.91556728232189,14.248021108179415,0.0,16.62269129287599,11.213720316622693
141.04,20.80969937606353,20.95150311968236,13.428814520703348,16.661939875212706,28.14804310833806
1101.77,11.908111493324377,26.847708686931032,30.443740526607183,29.77935503780281,1.021084255334598
151.5,58.81188118811881,22.97029702970297,18.217821782178216,0.0,0.0
257.0,19.33852140077821,22.93774319066148,5.661478599221789,31.225680933852143,20.83657587548638
141.95,0.0,0.0,0.0,57.48502994011976,42.51497005988025
319.18,0.0,29.701109092048373,29.130897925935205,41.16799298201643,0.0
111.15,16.10436347278452,10.256410256410255,16.824111560953664,43.45479082321187,13.360323886639677
415.265,12.895380058516851,28.68048113855009,0.0,18.81930815262543,39.60483065030764
174.4,9.11697247706422,18.061926605504585,0.0,42.28784403669725,30.533256880733944
119.4,59.798994974874375,8.29145728643216,0.0,24.497487437185928,7.4120603015075375
315.45,100.0,0.0,0.0,0.0,0.0
263.25,16.619183285849953,18.499525166191837,6.419753086419752,26.780626780626783,31.680911680911684
344.81,27.594907340274357,20.62005162263275,30.396450218961167,21.388590818131725,0.0
354.52,17.516642220467112,21.366918650569787,1.853209974049419,25.739027417353043,33.524201737560645
63.77,0.0,21.20119178297005,0.0,55.51199623647484,23.28681198055512
479.0,0.0,10.960334029227557,3.549060542797495,85.49060542797496,0.0
289.35,11.664074650077758,12.02695697252462,3.6288232244686367,25.7128045619492,46.96734059097978
304.35,84.06439954000328,0.0,0.0,5.815672745194678,10.119927714802037
326.6,79.33251684017146,0.0,0.0,0.0,20.66748315982853
190.55,9.367620047231698,0.0,0.0,81.71083705064287,8.921542902125426
109.3,63.76944190301922,36.23055809698078,0.0,0.0,0.0
128.03,23.353901429352494,35.52292431461376,0.0,14.137311567601344,26.985862688432395
696.0,13.85057471264368,41.72413793103448,1.4655172413793105,19.35344827586207,23.60632183908046
462.96,7.516848107827889,61.13919129082426,28.28214100570244,0.6318040435458787,2.430015552099533
251.12,23.73367314431347,29.62726983115641,14.240203886588088,0.0,32.39885313794202
335.8,49.0172721858249,20.093805836807626,5.189100655151877,31.33561643835617,10.46754020250149
1319.095,14.345062334403512,31.738805772139223,8.682467904131242,38.64202350854184,6.591640480784173
128.55,30.105017502917157,44.14624659665499,11.629716063788408,9.140412290937377,4.9786075457020615
164.70000000000002,24.74195506982392,12.021857923497263,0.0,15.300546448087433,47.93564055859137
46.85,0.0,0.0,0.0,36.28601921024546,63.71398078975453
258.32,32.62426447816662,11.255419634561784,11.669634561783834,5.903530504800248,38.54715082068752
21.275,0.0,0.0,23.50176263219741,41.59811985898942,34.90011750881316
165.86,0.0,38.176775593874346,25.829012420113344,25.32256119618956,10.671650789822742
74.25,21.41414141414141,68.08080808080807,10.505050505050503,0.0,0.0
523.05,19.78778319472326,14.30073606729758,27.808048943695628,15.208871044833195,22.894560749450346
325.06666666666666,5.055373256767842,57.10623461853979,9.844134536505331,3.876127973748975,24.118129614438065
665.59,33.78957015580162,30.339999098544148,3.064949894078937,21.094066918072688,11.711413933502609
286.95,20.80501829587036,17.354939884997385,17.773131207527445,18.81860951385259,25.248301097752226
71.14,0.0,45.54399775091369,54.45600224908631,0.0,0.0
614.05,33.50704340037456,20.13109681622017,6.8251771028417885,10.72388241999837,28.8128002605651
177.32666666666668,0.0,43.08432647843904,9.319899244332492,4.7370201887289,42.858754088499566
182.25,20.16460905349794,33.77229080932784,15.665294924554184,15.03429355281207,15.363511659807957
585.53,16.216077741533315,24.65800215189657,5.328505798165764,28.48701176711697,25.310402541287385
406.7066666666667,31.988656853424253,17.71465101793266,10.09572828902075,27.235026063010192,12.965937776612137
169.35,8.207853557720696,10.230292294065544,1.7567168585769115,59.37407735459109,20.431059935045763
199.65,48.23441021788129,11.720510894064612,0.0,21.26220886551465,18.782870022539445
193.23,14.386999948248205,32.29312218599596,16.912487708947886,6.520726595249187,29.88666356155877
187.135,22.857829908889304,48.339434098378185,3.526865631763166,12.82496593368424,12.450904427285115
208.97,4.761449011819878,37.32593195195483,29.056802411829448,14.49968895056707,14.356127673828778
526.7675,31.527191787648253,14.254865761460223,6.0439377903913964,21.38040027146701,26.79360438903311
31.3,63.73801916932907,0.0,0.0,36.26198083067093,0.0
125.86,0.0,41.63356109963451,17.92467821388845,11.918004131574763,28.52375655490227
164.8,27.548543689320383,27.305825242718445,0.0,21.48058252427185,23.66504854368932
270.19,14.323254006439914,22.576705281468595,42.44790702838744,20.65213368370406,0.0
392.34,0.0,65.30050466432175,7.707600550542897,4.511393179385228,22.480501605750117
488.46,14.289808786799329,33.300577324652984,2.70237071612824,26.40953199852597,23.29771117389346
309.48,10.98617035026496,27.04536642109344,3.2570763861961995,53.9130153806385,4.798371461806902
178.4,17.825112107623315,38.00448430493273,20.179372197309416,15.134529147982065,8.856502242152468
246.375,100.0,0.0,0.0,0.0,0.0
363.6,22.35973597359736,16.006600660066006,0.0,45.13201320132013,16.5016501650165
405.34,0.0,19.42813440568412,6.276212562293382,28.98801006562392,45.307642966398575
110.7,0.0,7.8590785907859075,0.0,92.14092140921407,0.0
67.24000000000001,0.0,72.87328970850683,27.126710291493158,0.0,0.0
245.61,13.924514474166362,38.82985220471479,10.469850576116608,26.088107161760515,10.687675583241724
65.4,0.0,0.0,0.0,54.12844036697248,45.87155963302752
300.74,44.15774423089712,13.486732725942671,3.3517323934295407,12.868258296202695,26.135532353527964
933.32,14.70021000300004,17.400248574979642,1.1250160716581663,37.38267689538422,29.39184845497793
76.32000000000001,0.0,100.0,0.0,0.0,0.0
950.88,12.283358573111224,0.0,3.2811711256940943,8.581524482584554,75.85394581861013
458.92,10.393968447659722,36.47258781486969,13.91092129347163,35.36564107033906,3.8568813736598977
169.95,23.418652544866134,26.81671079729332,14.739629302736098,11.179758752574289,23.84524860253016
368.725,1.0780391890975658,43.9758627703573,13.600922096413315,10.088819580988542,31.25635636314327
123.15,59.19610231425092,0.0,0.0,28.745432399512797,12.058465286236297
463.01,7.645623204682404,35.74868793330598,25.116088205438324,13.045074620418568,18.44452603615473
313.49,9.139047497527832,22.36115984560911,16.90325050240837,41.32508213978118,10.271460014673517
124.1,4.794520547945206,30.70104754230459,4.794520547945206,18.614020950846093,41.09589041095891
303.2,29.40303430079156,17.315303430079158,3.95778364116095,5.837730870712402,43.486147757255935
219.6,0.0,31.69398907103825,33.879781420765035,13.934426229508196,20.49180327868853
136.2,0.0,40.08810572687225,59.91189427312775,0.0,0.0
212.3,15.390956194065,14.60197833254828,10.080075365049456,41.13283089967028,18.79415920866698
448.65,7.979494037668561,44.70076897358744,13.77465730524908,20.929455031761957,12.61562465173298
140.59,31.65232235578633,22.92481684330322,14.730777437940109,15.719467956469163,14.972615406501175
176.1,19.761499148211243,46.81998864281658,5.877342419080068,13.628620102214652,13.912549687677457
423.65333333333336,20.571064392270408,19.7661610121483,18.15871467237364,14.528387990180647,26.975671933027005
299.03000000000003,16.570243788248668,20.125071063104038,16.603685248971672,33.742433869511416,12.958566030164196
229.39,51.04843280003488,11.787784994986705,0.0,15.323248615894329,21.84053358908409
141.88333333333333,16.621637495594975,30.518031246329148,16.950546223423004,15.658404792670035,20.25138024198285
56.25,22.666666666666664,53.15555555555556,24.177777777777777,0.0,0.0
269.13,11.81585107568833,31.761602199680457,7.691450228514101,40.37082450860179,8.360271987515327
16.5,0.0,100.0,0.0,0.0,0.0
163.49,0.0,0.0,19.0776194262646,10.82635023548841,70.09603033824699
325.44,0.0,0.0,0.0,0.0,100.0
428.8200000000001,3.369712233571194,10.918334032927568,1.5857469334452683,23.471386595774447,60.65482020428151
429.30000000000007,13.399720475192172,13.83647798742138,9.043792219892849,38.88888888888888,24.831120428604702
111.35,27.88504714863045,56.57835653345308,0.0,14.07723394701392,1.4593623709025596
725.3,1.644147249414036,6.13883910106163,0.0,92.21701364952436,0.0
118.88,15.057200538358009,13.315948855989234,2.860026917900404,28.68438761776581,40.08243606998654
138.9,0.0,28.5097192224622,14.686825053995678,0.0,56.80345572354212
257.84000000000003,60.69655600372323,12.91498603785293,2.5752404591995037,4.847967731926776,18.965249767297543
125.1,40.76738609112709,13.868904876099116,1.3589128697042363,40.04796163069545,3.956834532374101
110.4,0.0,7.608695652173914,7.608695652173914,0.0,84.78260869565217
384.72,0.0,69.01122894572677,12.663755458515286,10.527136618839677,7.797878976918279
311.07,12.79454785096602,34.628861671006526,13.951843636480538,24.30321149580481,14.321535345742117
